<?xml version="1.0" encoding="utf-8" ?>

<MedicinalSmokeleaf>

	<ThingDef ParentName="MakeableDrugPillBase">
		<defName>MedicinalSmokeleaf</defName>
		<label>medicinalsmokeleaf</label>
		<description>Relieve the symptoms of chronic pain</description>
		<graphicData>
			<texPath>Things/Items/Drugs/medicinalsmokeleaf</texPath>
			<graphicClass>Graphic_StackCount</graphicClass>
		</graphicData>
		<socialPropernessMatters>false</socialPropernessMatters>
		<rotatable>false</rotatable>
		<statBases>
			<WorkToMake>500</WorkToMake>
			<MarketValue>32</MarketValue>
			<Mass>0.005</Mass>
		</statBases>
		<techLevel>Industrial</techLevel>
		<ingestible>
			<drugCategory>Medical</drugCategory>
			<outcomeDoers>
				<li Class="IngestionOutcomeDoer_GiveHediff">
					<hediffDef>MedicinalSmokeleafHigh</hediffDef>
					<severity>1.0</severity>
				</li>
			</outcomeDoers>
		</ingestible>
		<recipeMaker>
			<researchPrerequisite/>
			<recipeUsers>
				<li>DrugLab</li>
			</recipeUsers>
		</recipeMaker>
		<costList>
			<IndicaSmokeleafLeaves>1</IndicaSmokeleafLeaves>
		</costList>
		<comps>
			<li Class="CompProperties_Drug">
				<listOrder>1000</listOrder>
				<overdoseSeverityOffset>
				<min>0.08</min>
				<max>0.14</max>
				</overdoseSeverityOffset>
			</li>
		</comps>
	</ThingDef>
  
	<HediffDef>
		<defName>MedicinalSmokeleafHigh</defName>
		<hediffClass>HediffWithComps</hediffClass>
		<label>MedicinalSmokeleaf</label>
		<defaultLabelColor>(1,0,0.5)</defaultLabelColor>
		<scenarioCanAdd>true</scenarioCanAdd>
		<maxSeverity>1.0</maxSeverity>
		<comps>
			<li Class="HediffCompProperties_SeverityPerDay">
				<severityPerDay>-1.0</severityPerDay>
			</li>
			</comps>
		<stages>
			<li>
				<hungerRateFactor>1.1</hungerRateFactor>
				<painOffset>-0.35</painOffset>
			</li>
		</stages>
	</HediffDef>
	
	<ThoughtDef>
		<defName>MedicinalSmokeleafHigh</defName>
		<workerClass>ThoughtWorker_Hediff</workerClass>
		<hediff>MedicinalSmokeleafHigh</hediff>
		<validWhileDespawned>true</validWhileDespawned>
		<stages>
			<li>
				<label>Consumed MedicinalSmokeleaf</label>
				<description>Everything feels a bit comfier.</description>
				<baseMoodEffect>10</baseMoodEffect>
			</li>
		</stages>
	</ThoughtDef>
  
</MedicinalSmokeleaf>