<?xml version="1.0" encoding="utf-8" ?>

<Defs>

	<ThingDef ParentName="MakeableDrugBase">
		<defName>Shatter_Hybrid</defName>
		<label>Shatter (Hybrid)</label>
		<description>Shatter Description</description>
		<graphicData>
			<texPath>Things/Items/Drugs/Shatter/HybridShatter</texPath>
			<graphicClass>Graphic_StackCount</graphicClass>
		</graphicData>
		<rotatable>false</rotatable>
		<statBases>
			<WorkToMake>500</WorkToMake>
			<MarketValue>20</MarketValue>
			<Mass>0.05</Mass>
		</statBases>
		<techLevel>Industrial</techLevel>
		<ingestible>
			<foodType>Processed</foodType>
			<joy>0.70</joy>
			<baseIngestTicks>720</baseIngestTicks>
			<nurseable>true</nurseable>
			<drugCategory>Hard</drugCategory>
			<ingestSound>Ingest_Smoke</ingestSound>
			<ingestEffect>Smoke_Flake</ingestEffect>
			<ingestEffectEat>EatVegetarian</ingestEffectEat>
			<ingestHoldOffsetStanding>
				<northDefault>
					<offset>(0.23,0,0.065)</offset>
				</northDefault>
			</ingestHoldOffsetStanding>
			<ingestHoldUsesTable>false</ingestHoldUsesTable>
			<ingestCommandString>Smoke {0}</ingestCommandString>
			<ingestReportString>Smoking {0}.</ingestReportString>
			<useEatingSpeedStat>false</useEatingSpeedStat>
			<outcomeDoers>
				<li Class="IngestionOutcomeDoer_GiveHediff">
					<hediffDef>HybridShatterSmokeleafHigh</hediffDef>
					<severity>1.0</severity>
					<toleranceChemical>Smokeleaf</toleranceChemical>
				</li>
				<li Class="IngestionOutcomeDoer_OffsetNeed">
					<need>Rest</need>
					<offset>-0.2</offset>
				</li>
				<li Class="IngestionOutcomeDoer_GiveHediff">
					<hediffDef>SmokeleafTolerance</hediffDef>
					<severity>0.030</severity>
					<divideByBodySize>true</divideByBodySize>
				</li>
			</outcomeDoers>
		</ingestible>
		<recipeMaker>
			<recipeUsers>
				<li>DrugLab</li>
			</recipeUsers>
		</recipeMaker>
		<costList>
			<SmokeleafLeaves>8</SmokeleafLeaves>
		</costList>
		<comps>
			<li Class="CompProperties_Drug">
				<chemical>Smokeleaf</chemical>
				<addictiveness>0.020</addictiveness>
				<minToleranceToAddict>0.15</minToleranceToAddict>
				<existingAddictionSeverityOffset>0.06</existingAddictionSeverityOffset>
				<needLevelOffset>1</needLevelOffset>
				<listOrder>20</listOrder>
			</li>
		</comps>
	</ThingDef>
	
	<HediffDef>
		<defName>HybridShatterSmokeleafHigh</defName>
		<hediffClass>HediffWithComps</hediffClass>
		<label>stoned on hybrid shatter</label>
		<defaultLabelColor>(1,0,0.5)</defaultLabelColor>
		<scenarioCanAdd>true</scenarioCanAdd>
		<maxSeverity>1.0</maxSeverity>
		<comps>
			<li Class="HediffCompProperties_SeverityPerDay">
				<severityPerDay>-1.0</severityPerDay>
			</li>
		</comps>
		<stages>
			<li>
				<hungerRateFactor>1.6</hungerRateFactor>
				<painOffset>-0.4</painOffset>
				<capMods>
					<li>
						<capacity>Consciousness</capacity>
						<offset>-0.30</offset>
					</li>
					<li>
						<capacity>Moving</capacity>
						<offset>-0.30</offset>
					</li>
				</capMods>
			</li>
		</stages>
	</HediffDef>
	
	<ThoughtDef>
		<defName>HybridShatterSmokeleafHigh</defName>
		<workerClass>ThoughtWorker_Hediff</workerClass>
		<hediff>HybridShatterSmokeleafHigh</hediff>
		<validWhileDespawned>true</validWhileDespawned>
		<stages>
			<li>
				<label>high on hybrid shatter</label>
				<description>I'm, like, high on hybrid shatter, man.</description>
				<baseMoodEffect>40</baseMoodEffect>
			</li>
		</stages>
	</ThoughtDef>
	
</Defs>