<?xml version="1.0" encoding="utf-8" ?>

		<!-- Bases -->
<Defs>

		<!-- Meal Bases -->
	<ThingDef ParentName="MealBase" Name="MealRottable" Abstract="True">
		<comps>
			<li Class="CompProperties_Rottable">
				<daysToRotStart>4</daysToRotStart>
				<rotDestroys>true</rotDestroys>
			</li>
		</comps>
	</ThingDef>
	
	<ThingDef Name="MealBase" Abstract="True">
		<thingClass>ThingWithComps</thingClass>
		<category>Item</category>
		<useHitPoints>true</useHitPoints>
		<selectable>true</selectable>
		<statBases>
			<MaxHitPoints>50</MaxHitPoints>
			<Flammability>1.0</Flammability>
			<Beauty>-4</Beauty>
			<Mass>0.44</Mass>
			<DeteriorationRate>10</DeteriorationRate>
		</statBases>
		<altitudeLayer>Item</altitudeLayer>
		<stackLimit>10</stackLimit>
		<tickerType>Rare</tickerType>
		<socialPropernessMatters>true</socialPropernessMatters>
		<thingCategories>
			<li>FoodMeals</li>
		</thingCategories>
		<alwaysHaulable>true</alwaysHaulable>
		<comps>
			<li Class="CompProperties_Forbiddable" />
			<li Class="CompProperties_Ingredients" />
			<li Class="CompProperties_FoodPoisonable" />
		</comps>
		<pathCost>15</pathCost>
		<resourceReadoutPriority>Last</resourceReadoutPriority>
		<drawGUIOverlay>true</drawGUIOverlay>
		<ingestible>
			<foodType>Meal</foodType>
			<maxNumToIngestAtOnce>1</maxNumToIngestAtOnce>
			<optimalityOffset>16</optimalityOffset>
		</ingestible>
	</ThingDef>

		<!-- Plant Bases -->
	<ThingDef Name="PlantBase" Abstract="True">
		<category>Plant</category>
		<thingClass>Plant</thingClass>
		<altitudeLayer>LowPlant</altitudeLayer>
		<useHitPoints>True</useHitPoints>
		<statBases>
			<Flammability>0.8</Flammability>
		</statBases>
		<tickerType>Long</tickerType>
		<selectable>False</selectable>
		<neverMultiSelect>True</neverMultiSelect>
		<drawerType>MapMeshOnly</drawerType>
		<pathCostIgnoreRepeat>false</pathCostIgnoreRepeat>
		<graphicData>
			<shaderType>CutoutPlant</shaderType>
		</graphicData>
		<ingestible>
			<foodType>Plant</foodType>
			<preferability>RawBad</preferability>
		</ingestible>
		<plant>
			<fertilityMin>0.5</fertilityMin>
			<fertilitySensitivity>1.0</fertilitySensitivity>
			<soundHarvesting>Harvest_Standard</soundHarvesting>
			<soundHarvestFinish>Harvest_Standard_Finish</soundHarvestFinish>
			<harvestWork>190</harvestWork>
			<sowWork>260</sowWork>
			<topWindExposure>0.1</topWindExposure>
			<visualSizeRange>
				<min>0.3</min>
			<max>1.00</max>
			</visualSizeRange>
		</plant>
	</ThingDef>

	<ThingDef ParentName="PlantBase" Name="TreeBase" Abstract="True">
    <statBases>
      <MaxHitPoints>300</MaxHitPoints>
    </statBases>
    <description>A tree.</description>
    <altitudeLayer>Building</altitudeLayer>
    <selectable>true</selectable>
    <fillPercent>0.25</fillPercent>
    <graphicData>
      <shadowData>
        <volume>(0.3, 0.3, 0.3)</volume>
      </shadowData>
    </graphicData>
    <passability>PassThroughOnly</passability>
    <pathCost>130</pathCost>
    <blockWind>true</blockWind>
    <ingestible>
      <foodType>Tree</foodType>
      <preferability>RawBad</preferability>
      <nutrition>1.5</nutrition>
    </ingestible>
    <plant>
			<fertilityMin>0.3</fertilityMin>
			<fertilitySensitivity>0.5</fertilitySensitivity>
			<reproduceRadius>30</reproduceRadius>
			<soundHarvesting>Harvest_Tree</soundHarvesting>
      <soundHarvestFinish>Harvest_Tree_Finish</soundHarvestFinish>
      <sowWork>1500</sowWork>
      <harvestWork>800</harvestWork>
      <harvestedThingDef>WoodLog</harvestedThingDef>
      <harvestYield>50</harvestYield>
      <harvestTag>Wood</harvestTag>
      <harvestMinGrowth>0.40</harvestMinGrowth>
      <harvestFailable>false</harvestFailable>
      <blockAdjacentSow>true</blockAdjacentSow>
      <sowTags>
        <li>Ground</li>
      </sowTags>
      <visualSizeRange>
        <min>1.3</min>
        <max>2.0</max>
      </visualSizeRange>
      <topWindExposure>0.25</topWindExposure>
      <wildClusterSizeRange>
        <min>8</min>
        <max>30</max>
      </wildClusterSizeRange>
      <wildClusterRadius>8</wildClusterRadius>
    </plant>
	</ThingDef>
	
	
		<!-- Leaf Bases -->
	<ThingDef Name="ResourceBase" Abstract="True">
		<thingClass>ThingWithComps</thingClass>
		<category>Item</category>
		<resourceReadoutPriority>Middle</resourceReadoutPriority>
		<useHitPoints>true</useHitPoints>
		<selectable>true</selectable>
		<altitudeLayer>Item</altitudeLayer>
    <stackLimit>75</stackLimit>
		<statBases>
			<Beauty>-4</Beauty>
		</statBases>
		<comps>
			<li Class="CompProperties_Forbiddable"/>
		</comps>
		<alwaysHaulable>true</alwaysHaulable>
		<drawGUIOverlay>true</drawGUIOverlay>
		<rotatable>false</rotatable>
		<pathCost>15</pathCost>
	</ThingDef>
	
	<ThingDef Abstract="True" Name="OrganicProductBase" ParentName="ResourceBase">
		<graphicData>
			<graphicClass>Graphic_Single</graphicClass>
		</graphicData>
		<statBases>
			<MaxHitPoints>60</MaxHitPoints>
			<Flammability>1.0</Flammability>
			<DeteriorationRate>6</DeteriorationRate>
			<Mass>0.03</Mass>
		</statBases>
		<tickerType>Rare</tickerType>
	</ThingDef>
	
	<ThingDef ParentName="OrganicProductBase" Name="RoughPlantBase" Abstract="True">
		<ingestible>
			<foodType>Plant</foodType>
			<preferability>DesperateOnly</preferability>
			<nutrition>0.05</nutrition>
		</ingestible>
	</ThingDef>
	
	
		<!-- Drug Bases -->
	<ThingDef Name="DrugBase" Abstract="True">
		<thingClass>ThingWithComps</thingClass>
		<category>Item</category>
		<useHitPoints>true</useHitPoints>
		<selectable>true</selectable>
		<statBases>
			<MaxHitPoints>50</MaxHitPoints>
			<Flammability>1.0</Flammability>
			<DeteriorationRate>2</DeteriorationRate>
			<Beauty>-4</Beauty>
		</statBases>
		<altitudeLayer>Item</altitudeLayer>
		<stackLimit>400</stackLimit>
		<thingCategories>
			<li>Drugs</li>
		</thingCategories>
		<alwaysHaulable>true</alwaysHaulable>
		<comps>
			<li Class="CompProperties_Forbiddable" />
		</comps>
		<pathCost>15</pathCost>
		<resourceReadoutPriority>Last</resourceReadoutPriority>
		<drawGUIOverlay>true</drawGUIOverlay>
		<ingestible>
			<preferability>NeverForNutrition</preferability>
			<maxNumToIngestAtOnce>1</maxNumToIngestAtOnce>
			<joyKind>Chemical</joyKind>
			<chairSearchRadius>8</chairSearchRadius>
		</ingestible>
		<storedConceptLearnOpportunity>DrugPolicies</storedConceptLearnOpportunity>
	</ThingDef>
	
	<ThingDef Name="MakeableDrugBase" ParentName="DrugBase" Abstract="True">
		<recipeMaker>
			<workSpeedStat>DrugProductionSpeed</workSpeedStat>
			<workSkill>Intellectual</workSkill>
			<effectWorking>Cook</effectWorking>
			<soundWorking>Recipe_CookMeal</soundWorking>
		</recipeMaker>
	</ThingDef>
	
	
		<!-- Addiction Bases -->
	<HediffDef Name="AddictionBase" Abstract="True">
		<defaultLabelColor>(255,0,127)</defaultLabelColor>
		<initialSeverity>0.5</initialSeverity>
		<maxSeverity>1.0</maxSeverity>
		<scenarioCanAdd>true</scenarioCanAdd>
	</HediffDef>
	
	<HediffDef Name="DrugToleranceBase" Abstract="True">
		<hediffClass>HediffWithComps</hediffClass>
		<defaultLabelColor>(179,86,132)</defaultLabelColor>
		<maxSeverity>1.0</maxSeverity>
		<scenarioCanAdd>true</scenarioCanAdd>
		<stages>
			<li>
				<minSeverity>0</minSeverity>
				<everVisible>false</everVisible>
			</li>
			<li>
				<minSeverity>0.20</minSeverity>
				<label>small</label>
			</li>
			<li>
				<minSeverity>0.50</minSeverity>
				<label>large</label>
			</li>
			<li>
				<minSeverity>0.80</minSeverity>
				<label>massive</label>
			</li>
		</stages>
	</HediffDef>
	
	<NeedDef Name="DrugAddictionNeedBase" Abstract="True">
		<onlyIfCausedByHediff>true</onlyIfCausedByHediff>
		<tutorHighlightTag>NeedAddiction</tutorHighlightTag>
		<showForCaravanMembers>true</showForCaravanMembers>
	</NeedDef>
	
</Defs>