<?xml version="1.0" encoding="utf-8" ?>

<ExpandedSmokeleaf>

	<ThingDef ParentName="MakeableDrugBase">
		<defName>SmokeleafJoint</defName>
		<label>hybrid smokeleaf joint</label>
		<description>A joint rolled from the hybrid smokeleaf leaves. Effects include increased hunger, decreased rest, decreased pain, slowed movement, euphoria, and decreased consciousness.</description>
		<graphicData>
			<texPath>Things/Item/Drug/Joint</texPath>
			<graphicClass>Graphic_StackCount</graphicClass>
		</graphicData>
		<rotatable>false</rotatable>
		<statBases>
			<WorkToMake>450</WorkToMake>
			<MarketValue>11</MarketValue>
			<Mass>0.05</Mass>
			<DeteriorationRate>6</DeteriorationRate>
		</statBases>
		<techLevel>Neolithic</techLevel>
		<ingestible>
			<tasteThought>HybridSmokeleafThought</tasteThought>
			<foodType>Plant, Processed</foodType>
			<joy>0.80</joy>
			<baseIngestTicks>720</baseIngestTicks>
			<nurseable>true</nurseable>
			<drugCategory>Social</drugCategory>
			<ingestSound>Ingest_Smoke</ingestSound>
			<ingestEffect>Smoke_Joint</ingestEffect>
			<ingestEffectEat>EatVegetarian</ingestEffectEat>
			<ingestHoldOffsetStanding>
				<northDefault>
					<offset>(0.27,0,0.08)</offset>
					<behind>true</behind>
				</northDefault>
				<east>
					<offset>(0.45,0,0.08)</offset>
				</east>
				<south>
					<offset>(0.27,0,0.08)</offset>
				</south>
				<west>
					<offset>(-0.50,0,0.08)</offset>
					<flip>true</flip>
				</west>
			</ingestHoldOffsetStanding>
			<ingestHoldUsesTable>false</ingestHoldUsesTable>
			<ingestCommandString>Smoke {0}</ingestCommandString>
			<ingestReportString>Smoking {0}.</ingestReportString>
			<useEatingSpeedStat>false</useEatingSpeedStat>
			<outcomeDoers>
				<li Class="IngestionOutcomeDoer_GiveHediff">
					<hediffDef>HybridSmokeleafHigh</hediffDef>
					<severity>1.0</severity>
					<toleranceChemical>Smokeleaf</toleranceChemical>
				</li>
				<li Class="IngestionOutcomeDoer_OffsetNeed">
					<need>Rest</need>
					<offset>-0.1</offset>
				</li>
				<li Class="IngestionOutcomeDoer_GiveHediff">
					<hediffDef>SmokeleafTolerance</hediffDef>
					<severity>0.030</severity>
					<divideByBodySize>true</divideByBodySize>
				</li>
			</outcomeDoers>
		</ingestible>
		<recipeMaker>
			<recipeUsers>
			<li>CraftingSpot</li>
			</recipeUsers>
			<workSpeedStat></workSpeedStat>
			<workSkill></workSkill>
		</recipeMaker>
		<costList>
			<SmokeleafLeaves>4</SmokeleafLeaves>
		</costList>
		<comps>
			<li Class="CompProperties_Drug">
				<chemical>Smokeleaf</chemical>
				<addictiveness>0.010</addictiveness>
				<minToleranceToAddict>0.15</minToleranceToAddict>
				<existingAddictionSeverityOffset>0.06</existingAddictionSeverityOffset>
				<needLevelOffset>1</needLevelOffset>
				<listOrder>20</listOrder>
			</li>
		</comps>
	</ThingDef>

	<HediffDef>
		<defName>HybridSmokeleafHigh</defName>
		<hediffClass>HediffWithComps</hediffClass>
		<label>stoned on smokeleaf</label>
		<defaultLabelColor>(1,0,0.5)</defaultLabelColor>
		<scenarioCanAdd>true</scenarioCanAdd>
		<maxSeverity>1.0</maxSeverity>
		<comps>
			<li Class="HediffCompProperties_SeverityPerDay">
				<severityPerDay>-1.0</severityPerDay>
			</li>
		</comps>
		<stages>
			<li>
				<hungerRateFactor>1.3</hungerRateFactor>
				<painOffset>-0.2</painOffset>
				<capMods>
					<li>
						<capacity>Consciousness</capacity>
						<offset>-0.15</offset>
					</li>
					<li>
						<capacity>Moving</capacity>
						<offset>-0.15</offset>
					</li>
				</capMods>
			</li>
		</stages>
	</HediffDef>
	
	<ThoughtDef>
		<defName>HybridSmokeleafThought</defName>
		<showBubble>true</showBubble>
		<icon>Things/Motes/smokeleafmote</icon>
		<durationDays>0.7</durationDays>
		<validWhileDespawned>true</validWhileDespawned>
		<stages>
			<li>
				<label>high on hybrid smokeleaf</label>
				<description>I'm, like, high on smokeleaf, man.</description>
				<baseMoodEffect>20</baseMoodEffect>
			</li>
		</stages>
	</ThoughtDef>
	
<!-- Smokeleaf addiction -->

	<ChemicalDef>
		<defName>Smokeleaf</defName>
		<label>Smokeleaf</label>
		<addictionHediff>SmokeleafAddiction</addictionHediff>
		<toleranceHediff>SmokeleafTolerance</toleranceHediff>
		<onGeneratedAddictedToleranceChance>0.8</onGeneratedAddictedToleranceChance>
	</ChemicalDef>
	
	<NeedDef ParentName="DrugAddictionNeedBase">
		<defName>Chemical_Smokeleaf</defName>
		<needClass>Need_Chemical</needClass>
		<label>smokeleaf</label>
		<description>Because of a developed Smokeleaf dependence, this person needs to regularly consume the drug to avoid withdrawal symptoms.</description>
		<listPriority>25</listPriority>
	</NeedDef>

	<HediffDef ParentName="DrugToleranceBase">
		<defName>SmokeleafTolerance</defName>
		<label>smokeleaf tolerance</label>
		<comps>
			<li Class="HediffCompProperties_SeverityPerDay">
				<severityPerDay>-0.015</severityPerDay>
			</li>
			<li Class="HediffCompProperties_DrugEffectFactor">
				<chemical>Smokeleaf</chemical>
			</li>
		</comps>
		<hediffGivers>
			<li Class="HediffGiver_RandomDrugEffect">
				<hediff>Asthma</hediff>
				<baseMtbDays>180</baseMtbDays>
				<minSeverity>0.50</minSeverity>
				<partsToAffect>
					<li>LeftLung</li>
					<li>RightLung</li>
				</partsToAffect>
				<countToAffect>2</countToAffect>
			</li>
		</hediffGivers>
	</HediffDef>
	
	<HediffDef ParentName="AddictionBase">
		<defName>SmokeleafAddiction</defName>
		<hediffClass>Hediff_Addiction</hediffClass>
		<label>smokeleaf dependence</label>
		<causesNeed>Chemical_Smokeleaf</causesNeed>
		<comps>
			<li Class="HediffCompProperties_SeverityPerDay">
			<severityPerDay>-0.0333</severityPerDay>
			</li>
		</comps>
		<stages>
			<li>
			</li>
			<li>
				<label>withdrawal</label>
				<capMods>
					<li>
						<capacity>Consciousness</capacity>
						<offset>-0.20</offset>
					</li>
					<li>
						<capacity>Moving</capacity>
						<offset>-0.15</offset>
					</li>
				</capMods>
				<mentalStateGivers>
					<li>
						<mentalState>BingingFood</mentalState>
						<mtbDays>10</mtbDays>
					</li>
					<li>
						<mentalState>BingingDrugMajor</mentalState>
						<mtbDays>50</mtbDays>
					</li>
				</mentalStateGivers>
			</li>
		</stages>
	</HediffDef>
	
	<ThoughtDef>
		<defName>SmokeleafWithdrawal</defName>
		<workerClass>ThoughtWorker_Hediff</workerClass>
		<hediff>SmokeleafAddiction</hediff>
		<validWhileDespawned>true</validWhileDespawned>
		<stages>
			<li>
				<visible>false</visible>
			</li>
			<li>
				<label>Smokeleaf withdrawal</label>
				<description>I really wish I could smoke.</description>
				<baseMoodEffect>-20</baseMoodEffect>
			</li>
		</stages>
	</ThoughtDef>
	
</ExpandedSmokeleaf	>