<?xml version="1.0" encoding="utf-8" ?>

<ExpandedSmokeleaf>

	<ThingDef ParentName="MakeableDrugBase">
		<defName>SmokeleafJoint_Indica</defName>
		<label>indica smokeleaf joint</label>
		<description>A joint rolled from the indica smokeleaf leaves. Effects include major increased hunger, decreased rest, decreased pain, slowed movement, euphoria, and decreased consciousness.</description>
		<graphicData>
			<texPath>Things/Items/Drugs/IndicaJoint</texPath>
			<graphicClass>Graphic_StackCount</graphicClass>
		</graphicData>
		<rotatable>false</rotatable>
		<statBases>
			<WorkToMake>450</WorkToMake>
			<MarketValue>11</MarketValue>
			<Mass>0.05</Mass>
			<DeteriorationRate>6</DeteriorationRate>
		</statBases>
		<techLevel>Neolithic</techLevel>
		<ingestible>
			<tasteThought>IndicaSmokeleafThought</tasteThought>
			<foodType>Plant, Processed</foodType>
			<joy>0.80</joy>
			<baseIngestTicks>720</baseIngestTicks>
			<nurseable>true</nurseable>
			<drugCategory>Social</drugCategory>
			<ingestSound>Ingest_Smoke</ingestSound>
			<ingestEffect>Smoke_Joint</ingestEffect>
			<ingestEffectEat>EatVegetarian</ingestEffectEat>
			<ingestHoldOffsetStanding>
				<northDefault>
					<offset>(0.27,0,0.08)</offset>
					<behind>true</behind>
				</northDefault>
				<east>
					<offset>(0.45,0,0.08)</offset>
				</east>
				<south>
					<offset>(0.27,0,0.08)</offset>
				</south>
				<west>
					<offset>(-0.50,0,0.08)</offset>
					<flip>true</flip>
				</west>
			</ingestHoldOffsetStanding>
			<ingestHoldUsesTable>false</ingestHoldUsesTable>
			<ingestCommandString>Smoke {0}</ingestCommandString>
			<ingestReportString>Smoking {0}.</ingestReportString>
			<useEatingSpeedStat>false</useEatingSpeedStat>
			<outcomeDoers>
				<li Class="IngestionOutcomeDoer_GiveHediff">
					<hediffDef>IndicaSmokeleafHigh</hediffDef>
					<severity>0.5</severity>
					<toleranceChemical>Smokeleaf</toleranceChemical>
				</li>
				<li Class="IngestionOutcomeDoer_OffsetNeed">
					<need>Rest</need>
					<offset>-0.2</offset>
				</li>
				<li Class="IngestionOutcomeDoer_GiveHediff">
					<hediffDef>SmokeleafTolerance</hediffDef>
					<severity>1.0</severity>
					<divideByBodySize>true</divideByBodySize>
				</li>
			</outcomeDoers>
		</ingestible>
		<recipeMaker>
			<recipeUsers>
			<li>CraftingSpot</li>
			</recipeUsers>
			<workSpeedStat></workSpeedStat>
			<workSkill></workSkill>
		</recipeMaker>
		<costList>
			<IndicaSmokeleafLeaves>4</IndicaSmokeleafLeaves>
		</costList>
		<comps>
			<li Class="CompProperties_Drug">
				<chemical>Smokeleaf</chemical>
				<addictiveness>0.010</addictiveness>
				<minToleranceToAddict>0.15</minToleranceToAddict>
				<existingAddictionSeverityOffset>0.06</existingAddictionSeverityOffset>
				<needLevelOffset>1</needLevelOffset>
				<listOrder>20</listOrder>
			</li>
		</comps>
	</ThingDef>

	<HediffDef>
		<defName>IndicaSmokeleafHigh</defName>
		<hediffClass>HediffWithComps</hediffClass>
		<label>stoned on smokeleaf</label>
		<defaultLabelColor>(1,0,0.5)</defaultLabelColor>
		<scenarioCanAdd>true</scenarioCanAdd>
		<maxSeverity>1.0</maxSeverity>
		<comps>
			<li Class="HediffCompProperties_SeverityPerDay">
				<severityPerDay>-1.0</severityPerDay>
			</li>
		</comps>
		<stages>
			<li>
				<hungerRateFactor>1.6</hungerRateFactor>
				<painOffset>-0.4</painOffset>
				<capMods>
					<li>
						<capacity>Consciousness</capacity>
						<offset>-0.3</offset>
					</li>
					<li>
						<capacity>Moving</capacity>
						<offset>-0.3</offset>
					</li>
				</capMods>
			</li>
		</stages>
	</HediffDef>
	
	<ThoughtDef>
		<defName>IndicaSmokeleafThought</defName>
		<showBubble>true</showBubble>
		<icon>Things/Motes/smokeleafmote</icon>
		<durationDays>0.7</durationDays>
		<validWhileDespawned>true</validWhileDespawned>
		<stages>
			<li>
				<label>high on indica smokeleaf</label>
				<description>I can hardly move or think straight, but I'm enjoying every moment of it.</description>
				<baseMoodEffect>30</baseMoodEffect>
			</li>
		</stages>
	</ThoughtDef>
	
</ExpandedSmokeleaf>