<?xml version="1.0" encoding="utf-8" ?>
	
	<!--

<MedicinalSmokeleaf>

	<ThingDef ParentName="MakeableDrugBase">
		<defName>Smokeleaf_Infused_Meal</defName>
		<label>SmokeleafInfusedMeal</label>
		<description>Smokeleaf high that lasts all day with nutrition</description>
		<graphicData>
			<texPath>Things/Items/Meals/Smokeleaf_Meal</texPath>
			<graphicClass>Graphic_Single</graphicClass>
		</graphicData>
		<socialPropernessMatters>false</socialPropernessMatters>
		<rotatable>false</rotatable>
		<statBases>
			<WorkToMake>500</WorkToMake>
			<MarketValue>32</MarketValue>
			<Mass>0.005</Mass>
		</statBases>
		<techLevel>Industrial</techLevel>
		<ingestible>
			<drugCategory>Medical</drugCategory>
			<outcomeDoers>
				<li Class="IngestionOutcomeDoer_GiveHediff">
					<hediffDef>MedicinalSmokeleafHigh</hediffDef>
					<severity>1.0</severity>
				</li>
			</outcomeDoers>
		</ingestible>
		<recipeMaker>
			<researchPrerequisite/>
			<recipeUsers>
				<li>ElectricStove</li>
				<li>FueledStove</li>
			</recipeUsers>
		</recipeMaker>
		<costList>
			<IndicaSmokeleafLeaves>10</IndicaSmokeleafLeaves>
		</costList>
		<comps>
			<li Class="CompProperties_Drug">
				<listOrder>1000</listOrder>
				<overdoseSeverityOffset>
				<min>0.08</min>
				<max>0.14</max>
				</overdoseSeverityOffset>
			</li>
		</comps>
	</ThingDef>
  
</MedicinalSmokeleaf>

	-->