<?xml version="1.0" encoding="utf-8" ?>

	<!-- Smokeleaf Plants -->
<Defs>

	<!-- Indica -->
	<ThingDef ParentName="PlantBase">
		<defName>PlantSmokeleaf_Indica</defName>
		<label>smokeleaf plant - indica strain</label>
		<description>"Indica plants are short, usually under six feet, and have fat deep green leaves. Indicas originate from Afghanistan, Pakistan, India and the surrounding areas." - leafy.com</description>
		<statBases>
			<MaxHitPoints>85</MaxHitPoints>
		</statBases>
		<graphicData>
			<texPath>Things/Plants/Indica</texPath>
			<graphicClass>Graphic_Random</graphicClass>
		</graphicData>
		<selectable>true</selectable>
		<pathCost>10</pathCost>
		<ingestible>
			<nutrition>0.15</nutrition>
		</ingestible>
		
		<plant>
			<fertilitySensitivity>1.0</fertilitySensitivity>
			<growDays>7.5</growDays>
			<dieIfLeafless>true</dieIfLeafless>
			<reproduces>false</reproduces>
			<harvestTag>Standard</harvestTag>
			<harvestedThingDef>IndicaSmokeleafLeaves</harvestedThingDef>
			<harvestYield>11</harvestYield>
			<sowTags>
				<li>Ground</li>
				<li>Hydroponic</li>
			</sowTags>
			<topWindExposure>0.1</topWindExposure>
			<immatureGraphicPath>Things/Plants/IndicaImmature</immatureGraphicPath>
			<visualSizeRange>
				<min>0.3</min>
				<max>1.3</max>
			</visualSizeRange>
		</plant>
		
	</ThingDef>
	
	<!-- Sativa -->
	<ThingDef ParentName="PlantBase">
		<defName>PlantSmokeleaf_Sativa</defName>
		<label>smokeleaf plant - sativa strain</label>
		<description>"Sativa plants can grow upwards of 25 feet tall but most stay under 12 feet. Light green leaves that are long and thin, the stereotypical marijuana icon. The high from sativa strains are often described as uplifting and energetic. These are great for daytime use and a favorite for medicinal users because of the pain relief properties." - leafy.com</description>
		<statBases>
			<MaxHitPoints>85</MaxHitPoints>
		</statBases>
		<graphicData>
			<texPath>Things/Plants/Sativa</texPath>
			<graphicClass>Graphic_Random</graphicClass>
		</graphicData>
		<selectable>true</selectable>
		<pathCost>10</pathCost>
		<ingestible>
			<nutrition>0.15</nutrition>
		</ingestible>
		
		<plant>
			<fertilitySensitivity>1.0</fertilitySensitivity>
			<growDays>9</growDays>
			<dieIfLeafless>true</dieIfLeafless>
			<reproduces>false</reproduces>
			<harvestTag>Standard</harvestTag>
			<harvestedThingDef>SativaSmokeleafLeaves</harvestedThingDef>
			<harvestYield>8</harvestYield>
			<sowTags>
				<li>Ground</li>
				<li>Hydroponic</li>
			</sowTags>
			<topWindExposure>0.1</topWindExposure>
			<immatureGraphicPath>Things/Plants/SativaImmature</immatureGraphicPath>
			<visualSizeRange>
				<min>0.3</min>
				<max>1.4</max>
			</visualSizeRange>
		</plant>
		
	</ThingDef>

	<!-- Hybrid -->
	<ThingDef ParentName="PlantBase">
		<defName>PlantSmokeleaf</defName>
		<label>smokeleaf plant - hybrid strain</label>
		<description>"Hybrid cannabis strains provide the best of both worlds. Expert breeders select the top sativa and indica strains and combine them into super strains that maintain the best aspects from both parents. Hybrids can be sativa or indica dominant and have the effects to match." - leafy.com</description>
		<statBases>
			<MaxHitPoints>85</MaxHitPoints>
		</statBases>
		<graphicData>
			<texPath>Things/Plants/Hybrid</texPath>
			<graphicClass>Graphic_Random</graphicClass>
		</graphicData>
		<selectable>true</selectable>
		<pathCost>10</pathCost>
		<ingestible>
			<nutrition>0.15</nutrition>
		</ingestible>
		
		<plant>
			<fertilitySensitivity>1.0</fertilitySensitivity>
			<growDays>7.50</growDays>
			<dieIfLeafless>true</dieIfLeafless>
			<reproduces>false</reproduces>
			<harvestTag>Standard</harvestTag>
			<harvestedThingDef>SmokeleafLeaves</harvestedThingDef>
			<harvestYield>11</harvestYield>
			<sowTags>
				<li>Ground</li>
				<li>Hydroponic</li>
			</sowTags>
			<topWindExposure>0.1</topWindExposure>
			<immatureGraphicPath>Things/Plants/HybridImmature</immatureGraphicPath>
			<visualSizeRange>
				<min>0.3</min>
				<max>1.3</max>
			</visualSizeRange>
		</plant>
		
	</ThingDef>
	
	
</Defs>