<?xml version="1.0" encoding="utf-8" ?>

	<!-- Smokeleaf Leaves -->
<Defs>

	<!-- Indica -->
	<ThingDef ParentName="RoughPlantBase">
		<defName>IndicaSmokeleafLeaves</defName>
		<label>indica smokeleaf leaves</label>
		<description>Leaves from the Indica Strain of the Smokeleaf Plant.</description>
		<graphicData>
			<texPath>Things/Leaves/SmokeleafLeaves_Indica</texPath>
		</graphicData>
		<statBases>
			<MarketValue>0.5</MarketValue>
		</statBases>
		<comps>
			<li Class="CompProperties_Rottable">
				<daysToRotStart>30</daysToRotStart>
				<rotDestroys>true</rotDestroys>
			</li>
		</comps>
		<thingCategories>
			<li>PlantMatter</li>
		</thingCategories>
	</ThingDef>
	
	<!-- Sativa -->
	<ThingDef ParentName="RoughPlantBase">
		<defName>SativaSmokeleafLeaves</defName>
		<label>sativa smokeleaf leaves</label>
		<description>Leaves from the Sativa Strain of the Smokeleaf Plant.</description>
		<graphicData>
			<texPath>Things/Leaves/SmokeleafLeaves_Sativa</texPath>
		</graphicData>
		<statBases>
			<MarketValue>4.0</MarketValue>
		</statBases>
		<comps>
			<li Class="CompProperties_Rottable">
				<daysToRotStart>30</daysToRotStart>
				<rotDestroys>true</rotDestroys>
			</li>
		</comps>
		<thingCategories>
			<li>PlantMatter</li>
		</thingCategories>
	</ThingDef>
	
	<!-- Hybrid -->
	<ThingDef ParentName="RoughPlantBase">
		<defName>SmokeleafLeaves</defName>
		<label>hybrid smokeleaf leaves</label>
		<description>Leaves from the Hybrid Strain of the Smokeleaf Plant.</description>
		<graphicData>
			<texPath>Things/Item/Resource/PlantFoodRaw/SmokeleafLeaves</texPath>
		</graphicData>
		<statBases>
			<MarketValue>2.0</MarketValue>
		</statBases>
		<comps>
			<li Class="CompProperties_Rottable">
				<daysToRotStart>30</daysToRotStart>
				<rotDestroys>true</rotDestroys>
			</li>
		</comps>
		<thingCategories>
			<li>PlantMatter</li>
		</thingCategories>
	</ThingDef>
	
</Defs>