<?xml version="1.0" encoding="utf-8" ?>

	<!-- Smokeleaf Plants -->
<Defs>

	<!-- Indica -->
	<ThingDef ParentName="PlantBase">
		<defName>PlantSmokeleaf_Indica</defName>
		<label>smokeleaf plant (indica)</label>
		<description>A short and stocky plant with high yeilds and a short growing period that produces Indica Smokeleaf Leaves.</description>
		<statBases>
			<MaxHitPoints>85</MaxHitPoints>
		</statBases>
		<graphicData>
			<texPath>Things/Plants/Indica</texPath>
			<graphicClass>Graphic_Random</graphicClass>
		</graphicData>
		<selectable>true</selectable>
		<pathCost>10</pathCost>
		<ingestible>
			<nutrition>0.15</nutrition>
		</ingestible>
		
		<plant>
			<fertilitySensitivity>1.0</fertilitySensitivity>
			<growDays>6</growDays>
			<dieIfLeafless>true</dieIfLeafless>
			<reproduces>false</reproduces>
			<harvestTag>Standard</harvestTag>
			<harvestedThingDef>IndicaSmokeleafLeaves</harvestedThingDef>
			<harvestYield>15</harvestYield>
			<sowTags>
				<li>Ground</li>
				<li>Hydroponic</li>
			</sowTags>
			<topWindExposure>0.1</topWindExposure>
			<immatureGraphicPath>Things/Plants/IndicaImmature</immatureGraphicPath>
			<visualSizeRange>
				<min>0.3</min>
				<max>1.0</max>
			</visualSizeRange>
		</plant>
		
	</ThingDef>
	
	<!-- Sativa -->
	<ThingDef ParentName="PlantBase">
		<defName>PlantSmokeleaf_Sativa</defName>
		<label>smokeleaf plant (sativa)</label>
		<description>A tall and lanky plant with low yeilds and a long growing period that produces Sativa Smokeleaf Leaves.</description>
		<statBases>
			<MaxHitPoints>85</MaxHitPoints>
		</statBases>
		<graphicData>
			<texPath>Things/Plants/Sativa</texPath>
			<graphicClass>Graphic_Random</graphicClass>
		</graphicData>
		<selectable>true</selectable>
		<pathCost>10</pathCost>
		<ingestible>
			<nutrition>0.15</nutrition>
		</ingestible>
		
		<plant>
			<fertilitySensitivity>1.0</fertilitySensitivity>
			<growDays>9</growDays>
			<dieIfLeafless>true</dieIfLeafless>
			<reproduces>false</reproduces>
			<harvestTag>Standard</harvestTag>
			<harvestedThingDef>SativaSmokeleafLeaves</harvestedThingDef>
			<harvestYield>7</harvestYield>
			<sowTags>
				<li>Ground</li>
				<li>Hydroponic</li>
			</sowTags>
			<topWindExposure>0.1</topWindExposure>
			<immatureGraphicPath>Things/Plants/SativaImmature</immatureGraphicPath>
			<visualSizeRange>
				<min>0.3</min>
				<max>1.3</max>
			</visualSizeRange>
		</plant>
		
	</ThingDef>

	<!-- Hybrid -->
	<ThingDef ParentName="PlantBase">
		<defName>PlantSmokeleaf</defName>
		<label>smokeleaf plant (hybrid)</label>
		<description>A hybrid plant from both Sativa and Indica strains. Carries attributes from both parents</description>
		<statBases>
			<MaxHitPoints>85</MaxHitPoints>
		</statBases>
		<graphicData>
			<texPath>Things/Plants/Hybrid</texPath>
			<graphicClass>Graphic_Random</graphicClass>
		</graphicData>
		<selectable>true</selectable>
		<pathCost>10</pathCost>
		<ingestible>
			<nutrition>0.15</nutrition>
		</ingestible>
		
		<plant>
			<fertilitySensitivity>1.0</fertilitySensitivity>
			<growDays>7.50</growDays>
			<dieIfLeafless>true</dieIfLeafless>
			<reproduces>false</reproduces>
			<harvestTag>Standard</harvestTag>
			<harvestedThingDef>SmokeleafLeaves</harvestedThingDef>
			<harvestYield>11</harvestYield>
			<sowTags>
				<li>Ground</li>
				<li>Hydroponic</li>
			</sowTags>
			<topWindExposure>0.1</topWindExposure>
			<immatureGraphicPath>Things/Plants/HybridImmature</immatureGraphicPath>
			<visualSizeRange>
				<min>0.3</min>
				<max>1.0</max>
			</visualSizeRange>
		</plant>
		
	</ThingDef>
	
	
</Defs>