<?xml version="1.0" encoding="utf-8" ?>

<MedicinalSmokeleaf>

	<ThingDef ParentName="DrugBase">
		<defName>SmokeleafMeal</defName>
		<label>Smokeleaf Meal</label>
		<description>Smokeleaf Meal.</description>
		<graphicData>
			<texPath>Things/Items/Meals/Smokeleaf_Meal</texPath>
			<graphicClass>Graphic_Single</graphicClass>
		</graphicData>
		<socialPropernessMatters>true</socialPropernessMatters>
		<rotatable>false</rotatable>
		<statBases>
			<WorkToMake>500</WorkToMake>	<!-- Consider removing -->
			<MarketValue>30</MarketValue>
			<Mass>1</Mass>
		</statBases>
		<techLevel>Industrial</techLevel>
		<ingestible>
			<tasteThought>MedicinalSmokeleafThought</tasteThought>
			<foodType>Meal</foodType>
			<outcomeDoers>
				<li Class="IngestionOutcomeDoer_GiveHediff">
					<hediffDef>MedicinalSmokeleafHigh</hediffDef>
					<severity>1.0</severity>
				</li>
			</outcomeDoers>
		</ingestible>
	</ThingDef>
	
	<RecipeDef>
		<defName>MakeSmokeleafMeal</defName>
		<label>make smokeleaf meal</label>
		<description>Make smokeleaf infused meal</description>
		<jobString>Making smokeleaf meal.</jobString>
		<workSpeedStat>BrewingSpeed</workSpeedStat>				<!-- Change -->
		<workSkill>Cooking</workSkill>							<!-- Change -->
		<effectWorking>Cook</effectWorking>						<!-- Change -->
		<soundWorking>Recipe_Brewing</soundWorking>				<!-- Change -->
		<allowMixingIngredients>true</allowMixingIngredients>	<!-- Change -->
		<workAmount>1000</workAmount>
		<targetCountAdjustment>1</targetCountAdjustment>
		
		<fixedIngredientFilter>
			<categories>
				<li>smokeleaves</li>
				<li>FoodRaw</li>
			</categories>
		</fixedIngredientFilter>
		<recipeUsers>
			<li>ElectricStove</li>
			<li>FueledStove</li>
		</recipeUsers>
		<ingredients>
			<li>
				<filter>
					<categories>
						<li>smokeleaves</li>
					</categories>
				</filter>
				<count>5</count>
			</li>
			<li>
				<filter>
					<categories>
						<li>FoodRaw</li>
					</categories>
				</filter>
				<count>5</count>
			</li>
		</ingredients>
		<products>
			<SmokeleafMeal>1</SmokeleafMeal>
		</products>
	</RecipeDef>

</MedicinalSmokeleaf>