<?xml version="1.0" encoding="utf-8" ?>

<TraitDefs>

	<TraitDef>
		<defName>Hippie</defName>
		<commonality>0.5</commonality>
		<degreeDatas>
			<li>
				<label>hippie</label>
				<description>NAME has a passion for peace and love. HECAP gets a mood bonus for every plant HE sows. NAME has an unusual interest in chemical sources of enjoyment.</description>
				<degree>2</degree>
				<skillGains>
					<li>
						<key>Growing</key>
						<value>4</value>
					</li>
				</skillGains>
				<randomMentalState>BingingDrugMajor</randomMentalState>
				<randomMentalStateMtbDaysMoodCurve>
					<points>
						<li>(0, 15)</li>
						<li>(50, 50)</li>
						<li>(100, 100)</li>
					</points>
				</randomMentalStateMtbDaysMoodCurve>
			</li>
			<li>
				<label>stoner</label>
				<description>NAME has an unusual interest in chemical sources of enjoyment.</description>
				<degree>1</degree>
				<randomMentalState>BingingDrugMajor</randomMentalState>
				<randomMentalStateMtbDaysMoodCurve>
					<points>
						<li>(0, 15)</li>
						<li>(50, 50)</li>
						<li>(100, 100)</li>
					</points>
				</randomMentalStateMtbDaysMoodCurve>
			</li>
		</degreeDatas>
		<requiredWorkTypes>
			<li>Growing</li>
			<li>PlantCutting</li>
		</requiredWorkTypes>
	</TraitDef>

</TraitDefs>